[
  {
    "_id": "A101",
    "title": "Propulsion Assignment",
    "course": "RS101",
    "points": 100,
    "description": "\nThe assignment is available online \n\nSubmit a link to the landing page of your Web application running on Netlify.\n\nThe landing page should include the following: \n\n• Your full name and section\n• Links to each of the lab assignments\n• Link to the Kanbas application\n• Links to all relevant source code repositories \n\nThe Kanbas application should include a link to navigate back to the landing page.",
    "availableFrom": "2024-05-06T00:00:00Z",
    "due": "2024-05-13T11:59:00Z",
    "until": "2024-05-19T23:59:00Z"
  },
  {
    "_id": "A102",
    "title": "Combustion Analysis",
    "course": "RS101",
    "points": 100,
    "description": "\nThe assignment is available online \n\nSubmit a link to the landing page of your Web application running on Netlify.\n\nThe landing page should include the following: \n\n• Your full name and section\n• Links to each of the lab assignments\n• Link to the Kanbas application\n• Links to all relevant source code repositories \n\nThe Kanbas application should include a link to navigate back to the landing page.",
    "availableFrom": "2024-05-06T00:00:00Z",
    "due": "2024-05-13T11:59:00Z",
    "until": "2024-05-19T23:59:00Z"
  },
  {
    "_id": "A103",
    "title": "Nozzle Design Project",
    "course": "RS101",
    "points": 100,
    "description": "\nThe assignment is available online \n\nSubmit a link to the landing page of your Web application running on Netlify.\n\nThe landing page should include the following: \n\n• Your full name and section\n• Links to each of the lab assignments\n• Link to the Kanbas application\n• Links to all relevant source code repositories \n\nThe Kanbas application should include a link to navigate back to the landing page.",
    "availableFrom": "2024-05-06T00:00:00Z",
    "due": "2024-05-13T11:59:00Z",
    "until": "2024-05-19T23:59:00Z"
  },
  {
    "_id": "A201",
    "title": "Aerodynamics Quiz",
    "course": "RS102",
    "availableFrom": "2024-05-06T00:00:00Z",
    "due": "2024-05-13T11:59:00Z",
    "until": "2024-05-19T23:59:00Z",
    "points": 100,
    "description": "\nThe assignment is available online \n\nSubmit a link to the landing page of your Web application running on Netlify.\n\nThe landing page should include the following: \n\n• Your full name and section\n• Links to each of the lab assignments\n• Link to the Kanbas application\n• Links to all relevant source code repositories \n\nThe Kanbas application should include a link to navigate back to the landing page."
  },
  {
    "_id": "A202",
    "title": "Flow Analysis",
    "course": "RS102",
    "points": 100,
    "description": "\nThe assignment is available online \n\nSubmit a link to the landing page of your Web application running on Netlify.\n\nThe landing page should include the following: \n\n• Your full name and section\n• Links to each of the lab assignments\n• Link to the Kanbas application\n• Links to all relevant source code repositories \n\nThe Kanbas application should include a link to navigate back to the landing page.",
    "availableFrom": "2024-05-06T00:00:00Z",
    "due": "2024-05-13T11:59:00Z",
    "until": "2024-05-19T23:59:00Z"
  },
  {
    "_id": "A203",
    "title": "Heating Analysis",
    "course": "RS102",
    "points": 100,
    "description": "\nThe assignment is available online \n\nSubmit a link to the landing page of your Web application running on Netlify.\n\nThe landing page should include the following: \n\n• Your full name and section\n• Links to each of the lab assignments\n• Link to the Kanbas application\n• Links to all relevant source code repositories \n\nThe Kanbas application should include a link to navigate back to the landing page.",
    "availableFrom": "2024-05-06T00:00:00Z",
    "due": "2024-05-13T11:59:00Z",
    "until": "2024-05-19T23:59:00Z"
  },
  {
    "_id": "A301",
    "title": "Structural Design Task",
    "course": "RS103",
    "points": 100,
    "availableFrom": "2024-05-06T00:00:00Z",
    "due": "2024-05-13T11:59:00Z",
    "until": "2024-05-19T23:59:00Z",
    "description": "\nThe assignment is available online \n\nSubmit a link to the landing page of your Web application running on Netlify.\n\nThe landing page should include the following: \n\n• Your full name and section\n• Links to each of the lab assignments\n• Link to the Kanbas application\n• Links to all relevant source code repositories \n\nThe Kanbas application should include a link to navigate back to the landing page."
  },
  {
    "_id": "A302",
    "title": "Orbital Calculations",
    "course": "RS103",
    "points": 100,
    "description": "\nThe assignment is available online \n\nSubmit a link to the landing page of your Web application running on Netlify.\n\nThe landing page should include the following: \n\n• Your full name and section\n• Links to each of the lab assignments\n• Link to the Kanbas application\n• Links to all relevant source code repositories \n\nThe Kanbas application should include a link to navigate back to the landing page.",
    "availableFrom": "2024-05-06T00:00:00Z",
    "due": "2024-05-13T11:59:00Z",
    "until": "2024-05-19T23:59:00Z"
  },
  {
    "_id": "A303",
    "title": "Systems Engineering Exam",
    "course": "RS103",
    "points": 100,
    "description": "\nThe assignment is available online \n\nSubmit a link to the landing page of your Web application running on Netlify.\n\nThe landing page should include the following: \n\n• Your full name and section\n• Links to each of the lab assignments\n• Link to the Kanbas application\n• Links to all relevant source code repositories \n\nThe Kanbas application should include a link to navigate back to the landing page.",
    "availableFrom": "2024-05-06T00:00:00Z",
    "due": "2024-05-13T11:59:00Z",
    "until": "2024-05-19T23:59:00Z"
  },
  {
    "_id": "A401",
    "title": "Hydrocarbons Assignment",
    "course": "RS104",
    "points": 100,
    "description": "\nThe assignment is available online \n\nSubmit a link to the landing page of your Web application running on Netlify.\n\nThe landing page should include the following: \n\n• Your full name and section\n• Links to each of the lab assignments\n• Link to the Kanbas application\n• Links to all relevant source code repositories \n\nThe Kanbas application should include a link to navigate back to the landing page.",
    "availableFrom": "2024-05-06T00:00:00Z",
    "due": "2024-05-13T11:59:00Z",
    "until": "2024-05-19T23:59:00Z"
  },
  {
    "_id": "A402",
    "title": "Functional Groups Quiz",
    "course": "RS104",
    "points": 100,
    "description": "\nThe assignment is available online \n\nSubmit a link to the landing page of your Web application running on Netlify.\n\nThe landing page should include the following: \n\n• Your full name and section\n• Links to each of the lab assignments\n• Link to the Kanbas application\n• Links to all relevant source code repositories \n\nThe Kanbas application should include a link to navigate back to the landing page.",
    "availableFrom": "2024-05-06T00:00:00Z",
    "due": "2024-05-13T11:59:00Z",
    "until": "2024-05-19T23:59:00Z"
  },
  {
    "_id": "A403",
    "title": "Retrosynthetic Analysis Task",
    "course": "RS104",
    "points": 100,
    "description": "\nThe assignment is available online \n\nSubmit a link to the landing page of your Web application running on Netlify.\n\nThe landing page should include the following: \n\n• Your full name and section\n• Links to each of the lab assignments\n• Link to the Kanbas application\n• Links to all relevant source code repositories \n\nThe Kanbas application should include a link to navigate back to the landing page.",
    "availableFrom": "2024-05-06T00:00:00Z",
    "due": "2024-05-13T11:59:00Z",
    "until": "2024-05-19T23:59:00Z"
  },
  {
    "_id": "A501",
    "title": "Coordination Chemistry Assignment",
    "course": "RS105",
    "points": 100,
    "description": "\nThe assignment is available online \n\nSubmit a link to the landing page of your Web application running on Netlify.\n\nThe landing page should include the following: \n\n• Your full name and section\n• Links to each of the lab assignments\n• Link to the Kanbas application\n• Links to all relevant source code repositories \n\nThe Kanbas application should include a link to navigate back to the landing page.",
    "availableFrom": "2024-05-06T00:00:00Z",
    "due": "2024-05-13T11:59:00Z",
    "until": "2024-05-19T23:59:00Z"
  },
  {
    "_id": "A502",
    "title": "Crystal Field Theory Quiz",
    "course": "RS105",
    "points": 100,
    "description": "\nThe assignment is available online \n\nSubmit a link to the landing page of your Web application running on Netlify.\n\nThe landing page should include the following: \n\n• Your full name and section\n• Links to each of the lab assignments\n• Link to the Kanbas application\n• Links to all relevant source code repositories \n\nThe Kanbas application should include a link to navigate back to the landing page.",
    "availableFrom": "2024-05-06T00:00:00Z",
    "due": "2024-05-13T11:59:00Z",
    "until": "2024-05-19T23:59:00Z"
  },
  {
    "_id": "A503",
    "title": "Spectrochemical Series Assignment",
    "course": "RS105",
    "points": 100,
    "description": "\nThe assignment is available online \n\nSubmit a link to the landing page of your Web application running on Netlify.\n\nThe landing page should include the following: \n\n• Your full name and section\n• Links to each of the lab assignments\n• Link to the Kanbas application\n• Links to all relevant source code repositories \n\nThe Kanbas application should include a link to navigate back to the landing page.",
    "availableFrom": "2024-05-06T00:00:00Z",
    "due": "2024-05-13T11:59:00Z",
    "until": "2024-05-19T23:59:00Z"
  },
  {
    "_id": "A601",
    "title": "Thermodynamics Assignment",
    "course": "RS106",
    "points": 100,
    "description": "\nThe assignment is available online \n\nSubmit a link to the landing page of your Web application running on Netlify.\n\nThe landing page should include the following: \n\n• Your full name and section\n• Links to each of the lab assignments\n• Link to the Kanbas application\n• Links to all relevant source code repositories \n\nThe Kanbas application should include a link to navigate back to the landing page.",
    "availableFrom": "2024-05-06T00:00:00Z",
    "due": "2024-05-13T11:59:00Z",
    "until": "2024-05-19T23:59:00Z"
  },
  {
    "_id": "A602",
    "title": "Kinetics Quiz",
    "course": "RS106",
    "points": 100,
    "description": "\nThe assignment is available online \n\nSubmit a link to the landing page of your Web application running on Netlify.\n\nThe landing page should include the following: \n\n• Your full name and section\n• Links to each of the lab assignments\n• Link to the Kanbas application\n• Links to all relevant source code repositories \n\nThe Kanbas application should include a link to navigate back to the landing page.",
    "availableFrom": "2024-05-06T00:00:00Z",
    "due": "2024-05-13T11:59:00Z",
    "until": "2024-05-19T23:59:00Z"
  },
  {
    "_id": "A603",
    "title": "Quantum Mechanics Problem Set",
    "course": "RS106",
    "points": 100,
    "description": "\nThe assignment is available online \n\nSubmit a link to the landing page of your Web application running on Netlify.\n\nThe landing page should include the following: \n\n• Your full name and section\n• Links to each of the lab assignments\n• Link to the Kanbas application\n• Links to all relevant source code repositories \n\nThe Kanbas application should include a link to navigate back to the landing page.",
    "availableFrom": "2024-05-06T00:00:00Z",
    "due": "2024-05-13T11:59:00Z",
    "until": "2024-05-19T23:59:00Z"
  },
  {
    "_id": "A701",
    "title": "Sindarin and Quenya Translation",
    "course": "RS107",
    "points": 100,
    "description": "\nThe assignment is available online \n\nSubmit a link to the landing page of your Web application running on Netlify.\n\nThe landing page should include the following: \n\n• Your full name and section\n• Links to each of the lab assignments\n• Link to the Kanbas application\n• Links to all relevant source code repositories \n\nThe Kanbas application should include a link to navigate back to the landing page.",
    "availableFrom": "2024-05-06T00:00:00Z",
    "due": "2024-05-13T11:59:00Z",
    "until": "2024-05-19T23:59:00Z"
  },
  {
    "_id": "A702",
    "title": "Dwarvish Script Analysis",
    "course": "RS107",
    "points": 100,
    "description": "\nThe assignment is available online \n\nSubmit a link to the landing page of your Web application running on Netlify.\n\nThe landing page should include the following: \n\n• Your full name and section\n• Links to each of the lab assignments\n• Link to the Kanbas application\n• Links to all relevant source code repositories \n\nThe Kanbas application should include a link to navigate back to the landing page.",
    "availableFrom": "2024-05-06T00:00:00Z",
    "due": "2024-05-13T11:59:00Z",
    "until": "2024-05-19T23:59:00Z"
  },
  {
    "_id": "A703",
    "title": "Black Speech of Mordor Assignment",
    "course": "RS107",
    "points": 100,
    "description": "\nThe assignment is available online \n\nSubmit a link to the landing page of your Web application running on Netlify.\n\nThe landing page should include the following: \n\n• Your full name and section\n• Links to each of the lab assignments\n• Link to the Kanbas application\n• Links to all relevant source code repositories \n\nThe Kanbas application should include a link to navigate back to the landing page.",
    "availableFrom": "2024-05-06T00:00:00Z",
    "due": "2024-05-13T11:59:00Z",
    "until": "2024-05-19T23:59:00Z"
  },
  {
    "_id": "A801",
    "title": "Council of Elrond Case Study",
    "course": "RS108",
    "points": 100,
    "description": "\nThe assignment is available online \n\nSubmit a link to the landing page of your Web application running on Netlify.\n\nThe landing page should include the following: \n\n• Your full name and section\n• Links to each of the lab assignments\n• Link to the Kanbas application\n• Links to all relevant source code repositories \n\nThe Kanbas application should include a link to navigate back to the landing page.",
    "availableFrom": "2024-05-06T00:00:00Z",
    "due": "2024-05-13T11:59:00Z",
    "until": "2024-05-19T23:59:00Z"
  },
  {
    "_id": "A802",
    "title": "Inter-species Diplomacy Essay",
    "course": "RS108",
    "points": 100,
    "description": "\nThe assignment is available online \n\nSubmit a link to the landing page of your Web application running on Netlify.\n\nThe landing page should include the following: \n\n• Your full name and section\n• Links to each of the lab assignments\n• Link to the Kanbas application\n• Links to all relevant source code repositories \n\nThe Kanbas application should include a link to navigate back to the landing page.",
    "availableFrom": "2024-05-06T00:00:00Z",
    "due": "2024-05-13T11:59:00Z",
    "until": "2024-05-19T23:59:00Z"
  },
  {
    "_id": "A803",
    "title": "War of the Ring Leadership Analysis",
    "course": "RS108",
    "points": 100,
    "description": "\nThe assignment is available online \n\nSubmit a link to the landing page of your Web application running on Netlify.\n\nThe landing page should include the following: \n\n• Your full name and section\n• Links to each of the lab assignments\n• Link to the Kanbas application\n• Links to all relevant source code repositories \n\nThe Kanbas application should include a link to navigate back to the landing page.",
    "availableFrom": "2024-05-06T00:00:00Z",
    "due": "2024-05-13T11:59:00Z",
    "until": "2024-05-19T23:59:00Z"
  },
  {
    "_id": "A901",
    "title": "Middle-earth Magic Sources Report",
    "course": "RS109",
    "points": 100,
    "description": "\nThe assignment is available online \n\nSubmit a link to the landing page of your Web application running on Netlify.\n\nThe landing page should include the following: \n\n• Your full name and section\n• Links to each of the lab assignments\n• Link to the Kanbas application\n• Links to all relevant source code repositories \n\nThe Kanbas application should include a link to navigate back to the landing page.",
    "availableFrom": "2024-05-06T00:00:00Z",
    "due": "2024-05-13T11:59:00Z",
    "until": "2024-05-19T23:59:00Z"
  },
  {
    "_id": "A902",
    "title": "Philosophy of Magic Essay",
    "course": "RS109",
    "points": 100,
    "description": "\nThe assignment is available online \n\nSubmit a link to the landing page of your Web application running on Netlify.\n\nThe landing page should include the following: \n\n• Your full name and section\n• Links to each of the lab assignments\n• Link to the Kanbas application\n• Links to all relevant source code repositories \n\nThe Kanbas application should include a link to navigate back to the landing page.",
    "availableFrom": "2024-05-06T00:00:00Z",
    "due": "2024-05-13T11:59:00Z",
    "until": "2024-05-19T23:59:00Z"
  },
  {
    "_id": "A903",
    "title": "Magic Artifacts Presentation",
    "course": "RS109",
    "points": 100,
    "description": "\nThe assignment is available online \n\nSubmit a link to the landing page of your Web application running on Netlify.\n\nThe landing page should include the following: \n\n• Your full name and section\n• Links to each of the lab assignments\n• Link to the Kanbas application\n• Links to all relevant source code repositories \n\nThe Kanbas application should include a link to navigate back to the landing page.",
    "availableFrom": "2024-05-06T00:00:00Z",
    "due": "2024-05-13T11:59:00Z",
    "until": "2024-05-19T23:59:00Z"
  },
  {
    "_id": "A1001",
    "title": "Democratic Schooling Models Research",
    "course": "RS110",
    "points": 100,
    "description": "\nThe assignment is available online \n\nSubmit a link to the landing page of your Web application running on Netlify.\n\nThe landing page should include the following: \n\n• Your full name and section\n• Links to each of the lab assignments\n• Link to the Kanbas application\n• Links to all relevant source code repositories \n\nThe Kanbas application should include a link to navigate back to the landing page.",
    "availableFrom": "2024-05-06T00:00:00Z",
    "due": "2024-05-13T11:59:00Z",
    "until": "2024-05-19T23:59:00Z"
  },
  {
    "_id": "A1002",
    "title": "Civic Responsibility and Education Essay",
    "course": "RS110",
    "points": 100,
    "description": "\nThe assignment is available online \n\nSubmit a link to the landing page of your Web application running on Netlify.\n\nThe landing page should include the following: \n\n• Your full name and section\n• Links to each of the lab assignments\n• Link to the Kanbas application\n• Links to all relevant source code repositories \n\nThe Kanbas application should include a link to navigate back to the landing page.",
    "availableFrom": "2024-05-06T00:00:00Z",
    "due": "2024-05-13T11:59:00Z",
    "until": "2024-05-19T23:59:00Z"
  },
  {
    "_id": "A1003",
    "title": "Participatory Learning Discussion",
    "course": "RS110",
    "points": 100,
    "description": "\nThe assignment is available online \n\nSubmit a link to the landing page of your Web application running on Netlify.\n\nThe landing page should include the following: \n\n• Your full name and section\n• Links to each of the lab assignments\n• Link to the Kanbas application\n• Links to all relevant source code repositories \n\nThe Kanbas application should include a link to navigate back to the landing page.",
    "availableFrom": "2024-05-06T00:00:00Z",
    "due": "2024-05-13T11:59:00Z",
    "until": "2024-05-19T23:59:00Z"
  },
  {
    "_id": "A1101",
    "title": "Independence Movements Report",
    "course": "RS111",
    "points": 100,
    "description": "\nThe assignment is available online \n\nSubmit a link to the landing page of your Web application running on Netlify.\n\nThe landing page should include the following: \n\n• Your full name and section\n• Links to each of the lab assignments\n• Link to the Kanbas application\n• Links to all relevant source code repositories \n\nThe Kanbas application should include a link to navigate back to the landing page.",
    "availableFrom": "2024-05-06T00:00:00Z",
    "due": "2024-05-13T11:59:00Z",
    "until": "2024-05-19T23:59:00Z"
  },
  {
    "_id": "A1102",
    "title": "Philosophy of Nation-building Essay",
    "course": "RS111",
    "points": 100,
    "description": "\nThe assignment is available online \n\nSubmit a link to the landing page of your Web application running on Netlify.\n\nThe landing page should include the following: \n\n• Your full name and section\n• Links to each of the lab assignments\n• Link to the Kanbas application\n• Links to all relevant source code repositories \n\nThe Kanbas application should include a link to navigate back to the landing page.",
    "availableFrom": "2024-05-06T00:00:00Z",
    "due": "2024-05-13T11:59:00Z",
    "until": "2024-05-19T23:59:00Z"
  },
  {
    "_id": "A1103",
    "title": "Simón Bolívar Case Study",
    "course": "RS111",
    "points": 100,
    "description": "\nThe assignment is available online \n\nSubmit a link to the landing page of your Web application running on Netlify.\n\nThe landing page should include the following: \n\n• Your full name and section\n• Links to each of the lab assignments\n• Link to the Kanbas application\n• Links to all relevant source code repositories \n\nThe Kanbas application should include a link to navigate back to the landing page.",
    "availableFrom": "2024-05-06T00:00:00Z",
    "due": "2024-05-13T11:59:00Z",
    "until": "2024-05-19T23:59:00Z"
  },
  {
    "_id": "A1201",
    "title": "Early 19th Century Education Research",
    "course": "RS112",
    "points": 100,
    "description": "\nThe assignment is available online \n\nSubmit a link to the landing page of your Web application running on Netlify.\n\nThe landing page should include the following: \n\n• Your full name and section\n• Links to each of the lab assignments\n• Link to the Kanbas application\n• Links to all relevant source code repositories \n\nThe Kanbas application should include a link to navigate back to the landing page.",
    "availableFrom": "2024-05-06T00:00:00Z",
    "due": "2024-05-13T11:59:00Z",
    "until": "2024-05-19T23:59:00Z"
  },
  {
    "_id": "A1202",
    "title": "Educational Reformers Analysis",
    "course": "RS112",
    "points": 100,
    "description": "\nThe assignment is available online \n\nSubmit a link to the landing page of your Web application running on Netlify.\n\nThe landing page should include the following: \n\n• Your full name and section\n• Links to each of the lab assignments\n• Link to the Kanbas application\n• Links to all relevant source code repositories \n\nThe Kanbas application should include a link to navigate back to the landing page.",
    "availableFrom": "2024-05-06T00:00:00Z",
    "due": "2024-05-13T11:59:00Z",
    "until": "2024-05-19T23:59:00Z"
  },
  {
    "_id": "A1203",
    "title": "Innovations in Pedagogy Assignment",
    "course": "RS112",
    "points": 100,
    "description": "\nThe assignment is available online \n\nSubmit a link to the landing page of your Web application running on Netlify.\n\nThe landing page should include the following: \n\n• Your full name and section\n• Links to each of the lab assignments\n• Link to the Kanbas application\n• Links to all relevant source code repositories \n\nThe Kanbas application should include a link to navigate back to the landing page.",
    "availableFrom": "2024-05-06T00:00:00Z",
    "due": "2024-05-13T11:59:00Z",
    "until": "2024-05-19T23:59:00Z"
  },
  {
    "_id": "A1301",
    "title": "Virtue Ethics in Christianity",
    "course": "RS113",
    "points": 100,
    "description": "\nThe assignment is available online \n\nSubmit a link to the landing page of your Web application running on Netlify.\n\nThe landing page should include the following: \n\n• Your full name and section\n• Links to each of the lab assignments\n• Link to the Kanbas application\n• Links to all relevant source code repositories \n\nThe Kanbas application should include a link to navigate back to the landing page.",
    "availableFrom": "2024-05-06T00:00:00Z",
    "due": "2024-05-13T11:59:00Z",
    "until": "2024-05-19T23:59:00Z"
  },
  {
    "_id": "A1302",
    "title": "Christian Ethics in Action Essay",
    "course": "RS113",
    "points": 100,
    "description": "\nThe assignment is available online \n\nSubmit a link to the landing page of your Web application running on Netlify.\n\nThe landing page should include the following: \n\n• Your full name and section\n• Links to each of the lab assignments\n• Link to the Kanbas application\n• Links to all relevant source code repositories \n\nThe Kanbas application should include a link to navigate back to the landing page.",
    "availableFrom": "2024-05-06T00:00:00Z",
    "due": "2024-05-13T11:59:00Z",
    "until": "2024-05-19T23:59:00Z"
  },
  {
    "_id": "A1303",
    "title": "Ethical Decision-Making Case Study",
    "course": "RS113",
    "points": 100,
    "description": "\nThe assignment is available online \n\nSubmit a link to the landing page of your Web application running on Netlify.\n\nThe landing page should include the following: \n\n• Your full name and section\n• Links to each of the lab assignments\n• Link to the Kanbas application\n• Links to all relevant source code repositories \n\nThe Kanbas application should include a link to navigate back to the landing page.",
    "availableFrom": "2024-05-06T00:00:00Z",
    "due": "2024-05-13T11:59:00Z",
    "until": "2024-05-19T23:59:00Z"
  },
  {
    "_id": "A1401",
    "title": "Early Christianity Report",
    "course": "RS114",
    "points": 100,
    "description": "\nThe assignment is available online \n\nSubmit a link to the landing page of your Web application running on Netlify.\n\nThe landing page should include the following: \n\n• Your full name and section\n• Links to each of the lab assignments\n• Link to the Kanbas application\n• Links to all relevant source code repositories \n\nThe Kanbas application should include a link to navigate back to the landing page.",
    "availableFrom": "2024-05-06T00:00:00Z",
    "due": "2024-05-13T11:59:00Z",
    "until": "2024-05-19T23:59:00Z"
  },
  {
    "_id": "A1402",
    "title": "Apostolic Age Research Paper",
    "course": "RS114",
    "points": 100,
    "description": "\nThe assignment is available online \n\nSubmit a link to the landing page of your Web application running on Netlify.\n\nThe landing page should include the following: \n\n• Your full name and section\n• Links to each of the lab assignments\n• Link to the Kanbas application\n• Links to all relevant source code repositories \n\nThe Kanbas application should include a link to navigate back to the landing page.",
    "availableFrom": "2024-05-06T00:00:00Z",
    "due": "2024-05-13T11:59:00Z",
    "until": "2024-05-19T23:59:00Z"
  },
  {
    "_id": "A1403",
    "title": "Christian Doctrines Discussion",
    "course": "RS114",
    "points": 100,
    "description": "\nThe assignment is available online \n\nSubmit a link to the landing page of your Web application running on Netlify.\n\nThe landing page should include the following: \n\n• Your full name and section\n• Links to each of the lab assignments\n• Link to the Kanbas application\n• Links to all relevant source code repositories \n\nThe Kanbas application should include a link to navigate back to the landing page.",
    "availableFrom": "2024-05-06T00:00:00Z",
    "due": "2024-05-13T11:59:00Z",
    "until": "2024-05-19T23:59:00Z"
  },
  {
    "_id": "A1501",
    "title": "Leadership in Christian Communities",
    "course": "RS115",
    "points": 100,
    "description": "\nThe assignment is available online \n\nSubmit a link to the landing page of your Web application running on Netlify.\n\nThe landing page should include the following: \n\n• Your full name and section\n• Links to each of the lab assignments\n• Link to the Kanbas application\n• Links to all relevant source code repositories \n\nThe Kanbas application should include a link to navigate back to the landing page.",
    "availableFrom": "2024-05-06T00:00:00Z",
    "due": "2024-05-13T11:59:00Z",
    "until": "2024-05-19T23:59:00Z"
  },
  {
    "_id": "A1502",
    "title": "Servant Leadership Analysis",
    "course": "RS115",
    "points": 100,
    "description": "\nThe assignment is available online \n\nSubmit a link to the landing page of your Web application running on Netlify.\n\nThe landing page should include the following: \n\n• Your full name and section\n• Links to each of the lab assignments\n• Link to the Kanbas application\n• Links to all relevant source code repositories \n\nThe Kanbas application should include a link to navigate back to the landing page.",
    "availableFrom": "2024-05-06T00:00:00Z",
    "due": "2024-05-13T11:59:00Z",
    "until": "2024-05-19T23:59:00Z"
  },
  {
    "_id": "A1503",
    "title": "Pastoral Care Case Study",
    "course": "RS115",
    "points": 100,
    "description": "\nThe assignment is available online \n\nSubmit a link to the landing page of your Web application running on Netlify.\n\nThe landing page should include the following: \n\n• Your full name and section\n• Links to each of the lab assignments\n• Link to the Kanbas application\n• Links to all relevant source code repositories \n\nThe Kanbas application should include a link to navigate back to the landing page.",
    "availableFrom": "2024-05-06T00:00:00Z",
    "due": "2024-05-13T11:59:00Z",
    "until": "2024-05-19T23:59:00Z"
  },
  {
    "_id": "A1601",
    "title": "Sufi Mystical Teachings Report",
    "course": "RS116",
    "points": 100,
    "description": "\nThe assignment is available online \n\nSubmit a link to the landing page of your Web application running on Netlify.\n\nThe landing page should include the following: \n\n• Your full name and section\n• Links to each of the lab assignments\n• Link to the Kanbas application\n• Links to all relevant source code repositories \n\nThe Kanbas application should include a link to navigate back to the landing page.",
    "availableFrom": "2024-05-06T00:00:00Z",
    "due": "2024-05-13T11:59:00Z",
    "until": "2024-05-19T23:59:00Z"
  },
  {
    "_id": "A1602",
    "title": "Rumi and Hafiz Poetry Analysis",
    "course": "RS116",
    "points": 100,
    "description": "\nThe assignment is available online \n\nSubmit a link to the landing page of your Web application running on Netlify.\n\nThe landing page should include the following: \n\n• Your full name and section\n• Links to each of the lab assignments\n• Link to the Kanbas application\n• Links to all relevant source code repositories \n\nThe Kanbas application should include a link to navigate back to the landing page.",
    "availableFrom": "2024-05-06T00:00:00Z",
    "due": "2024-05-13T11:59:00Z",
    "until": "2024-05-19T23:59:00Z"
  },
  {
    "_id": "A1603",
    "title": "Sufi Orders and Rituals Presentation",
    "course": "RS116",
    "points": 100,
    "description": "\nThe assignment is available online \n\nSubmit a link to the landing page of your Web application running on Netlify.\n\nThe landing page should include the following: \n\n• Your full name and section\n• Links to each of the lab assignments\n• Link to the Kanbas application\n• Links to all relevant source code repositories \n\nThe Kanbas application should include a link to navigate back to the landing page.",
    "availableFrom": "2024-05-06T00:00:00Z",
    "due": "2024-05-13T11:59:00Z",
    "until": "2024-05-19T23:59:00Z"
  },
  {
    "_id": "A1701",
    "title": "Ethics in the Quran Research",
    "course": "RS117",
    "points": 100,
    "description": "\nThe assignment is available online \n\nSubmit a link to the landing page of your Web application running on Netlify.\n\nThe landing page should include the following: \n\n• Your full name and section\n• Links to each of the lab assignments\n• Link to the Kanbas application\n• Links to all relevant source code repositories \n\nThe Kanbas application should include a link to navigate back to the landing page.",
    "availableFrom": "2024-05-06T00:00:00Z",
    "due": "2024-05-13T11:59:00Z",
    "until": "2024-05-19T23:59:00Z"
  },
  {
    "_id": "A1702",
    "title": "Khidr and Ethical Wisdom Essay",
    "course": "RS117",
    "points": 100,
    "description": "\nThe assignment is available online \n\nSubmit a link to the landing page of your Web application running on Netlify.\n\nThe landing page should include the following: \n\n• Your full name and section\n• Links to each of the lab assignments\n• Link to the Kanbas application\n• Links to all relevant source code repositories \n\nThe Kanbas application should include a link to navigate back to the landing page.",
    "availableFrom": "2024-05-06T00:00:00Z",
    "due": "2024-05-13T11:59:00Z",
    "until": "2024-05-19T23:59:00Z"
  },
  {
    "_id": "A1703",
    "title": "Contemporary Ethical Dilemmas Discussion",
    "course": "RS117",
    "points": 100,
    "description": "\nThe assignment is available online \n\nSubmit a link to the landing page of your Web application running on Netlify.\n\nThe landing page should include the following: \n\n• Your full name and section\n• Links to each of the lab assignments\n• Link to the Kanbas application\n• Links to all relevant source code repositories \n\nThe Kanbas application should include a link to navigate back to the landing page.",
    "availableFrom": "2024-05-06T00:00:00Z",
    "due": "2024-05-13T11:59:00Z",
    "until": "2024-05-19T23:59:00Z"
  },
  {
    "_id": "A1801",
    "title": "Islamic Esotericism Report",
    "course": "RS118",
    "points": 100,
    "description": "\nThe assignment is available online \n\nSubmit a link to the landing page of your Web application running on Netlify.\n\nThe landing page should include the following: \n\n• Your full name and section\n• Links to each of the lab assignments\n• Link to the Kanbas application\n• Links to all relevant source code repositories \n\nThe Kanbas application should include a link to navigate back to the landing page.",
    "availableFrom": "2024-05-06T00:00:00Z",
    "due": "2024-05-13T11:59:00Z",
    "until": "2024-05-19T23:59:00Z"
  },
  {
    "_id": "A1802",
    "title": "Spiritual Symbolism in Islam Essay",
    "course": "RS118",
    "points": 100,
    "description": "\nThe assignment is available online \n\nSubmit a link to the landing page of your Web application running on Netlify.\n\nThe landing page should include the following: \n\n• Your full name and section\n• Links to each of the lab assignments\n• Link to the Kanbas application\n• Links to all relevant source code repositories \n\nThe Kanbas application should include a link to navigate back to the landing page.",
    "availableFrom": "2024-05-06T00:00:00Z",
    "due": "2024-05-13T11:59:00Z",
    "until": "2024-05-19T23:59:00Z"
  },
  {
    "_id": "A1803",
    "title": "Mystical Experiences Discussion",
    "course": "RS118",
    "points": 100,
    "description": "\nThe assignment is available online \n\nSubmit a link to the landing page of your Web application running on Netlify.\n\nThe landing page should include the following: \n\n• Your full name and section\n• Links to each of the lab assignments\n• Link to the Kanbas application\n• Links to all relevant source code repositories \n\nThe Kanbas application should include a link to navigate back to the landing page.",
    "availableFrom": "2024-05-06T00:00:00Z",
    "due": "2024-05-13T11:59:00Z",
    "until": "2024-05-19T23:59:00Z"
  },
  {
    "_id": "A1901",
    "title": "Chinese Water Management Assignment",
    "course": "RS119",
    "points": 100,
    "description": "\nThe assignment is available online \n\nSubmit a link to the landing page of your Web application running on Netlify.\n\nThe landing page should include the following: \n\n• Your full name and section\n• Links to each of the lab assignments\n• Link to the Kanbas application\n• Links to all relevant source code repositories \n\nThe Kanbas application should include a link to navigate back to the landing page.",
    "availableFrom": "2024-05-06T00:00:00Z",
    "due": "2024-05-13T11:59:00Z",
    "until": "2024-05-19T23:59:00Z"
  },
  {
    "_id": "A1902",
    "title": "Flood Control by Yu the Great",
    "course": "RS119",
    "points": 100,
    "description": "\nThe assignment is available online \n\nSubmit a link to the landing page of your Web application running on Netlify.\n\nThe landing page should include the following: \n\n• Your full name and section\n• Links to each of the lab assignments\n• Link to the Kanbas application\n• Links to all relevant source code repositories \n\nThe Kanbas application should include a link to navigate back to the landing page.",
    "availableFrom": "2024-05-06T00:00:00Z",
    "due": "2024-05-13T11:59:00Z",
    "until": "2024-05-19T23:59:00Z"
  },
  {
    "_id": "A1903",
    "title": "Ancient Chinese Agriculture Report",
    "course": "RS119",
    "points": 100,
    "description": "\nThe assignment is available online \n\nSubmit a link to the landing page of your Web application running on Netlify.\n\nThe landing page should include the following: \n\n• Your full name and section\n• Links to each of the lab assignments\n• Link to the Kanbas application\n• Links to all relevant source code repositories \n\nThe Kanbas application should include a link to navigate back to the landing page.",
    "availableFrom": "2024-05-06T00:00:00Z",
    "due": "2024-05-13T11:59:00Z",
    "until": "2024-05-19T23:59:00Z"
  },
  {
    "_id": "A2001",
    "title": "Leadership of Yu the Great",
    "course": "RS120",
    "points": 100,
    "description": "\nThe assignment is available online \n\nSubmit a link to the landing page of your Web application running on Netlify.\n\nThe landing page should include the following: \n\n• Your full name and section\n• Links to each of the lab assignments\n• Link to the Kanbas application\n• Links to all relevant source code repositories \n\nThe Kanbas application should include a link to navigate back to the landing page.",
    "availableFrom": "2024-05-06T00:00:00Z",
    "due": "2024-05-13T11:59:00Z",
    "until": "2024-05-19T23:59:00Z"
  },
  {
    "_id": "A2002",
    "title": "Ethical Governance in Mythology",
    "course": "RS120",
    "points": 100,
    "description": "\nThe assignment is available online \n\nSubmit a link to the landing page of your Web application running on Netlify.\n\nThe landing page should include the following: \n\n• Your full name and section\n• Links to each of the lab assignments\n• Link to the Kanbas application\n• Links to all relevant source code repositories \n\nThe Kanbas application should include a link to navigate back to the landing page.",
    "availableFrom": "2024-05-06T00:00:00Z",
    "due": "2024-05-13T11:59:00Z",
    "until": "2024-05-19T23:59:00Z"
  },
  {
    "_id": "A2003",
    "title": "Perseverance in Leadership",
    "course": "RS120",
    "points": 100,
    "description": "\nThe assignment is available online \n\nSubmit a link to the landing page of your Web application running on Netlify.\n\nThe landing page should include the following: \n\n• Your full name and section\n• Links to each of the lab assignments\n• Link to the Kanbas application\n• Links to all relevant source code repositories \n\nThe Kanbas application should include a link to navigate back to the landing page.",
    "availableFrom": "2024-05-06T00:00:00Z",
    "due": "2024-05-13T11:59:00Z",
    "until": "2024-05-19T23:59:00Z"
  },
  {
    "_id": "A2101",
    "title": "Hydraulic Projects in Mesopotamia",
    "course": "RS121",
    "points": 100,
    "description": "\nThe assignment is available online \n\nSubmit a link to the landing page of your Web application running on Netlify.\n\nThe landing page should include the following: \n\n• Your full name and section\n• Links to each of the lab assignments\n• Link to the Kanbas application\n• Links to all relevant source code repositories \n\nThe Kanbas application should include a link to navigate back to the landing page.",
    "availableFrom": "2024-05-06T00:00:00Z",
    "due": "2024-05-13T11:59:00Z",
    "until": "2024-05-19T23:59:00Z"
  },
  {
    "_id": "A2102",
    "title": "Irrigation Systems in Ancient China",
    "course": "RS121",
    "points": 100,
    "description": "\nThe assignment is available online \n\nSubmit a link to the landing page of your Web application running on Netlify.\n\nThe landing page should include the following: \n\n• Your full name and section\n• Links to each of the lab assignments\n• Link to the Kanbas application\n• Links to all relevant source code repositories \n\nThe Kanbas application should include a link to navigate back to the landing page.",
    "availableFrom": "2024-05-06T00:00:00Z",
    "due": "2024-05-13T11:59:00Z",
    "until": "2024-05-19T23:59:00Z"
  },
  {
    "_id": "A2103",
    "title": "Comparison of Ancient Hydraulic Systems",
    "course": "RS121",
    "points": 100,
    "description": "\nThe assignment is available online \n\nSubmit a link to the landing page of your Web application running on Netlify.\n\nThe landing page should include the following: \n\n• Your full name and section\n• Links to each of the lab assignments\n• Link to the Kanbas application\n• Links to all relevant source code repositories \n\nThe Kanbas application should include a link to navigate back to the landing page.",
    "availableFrom": "2024-05-06T00:00:00Z",
    "due": "2024-05-13T11:59:00Z",
    "until": "2024-05-19T23:59:00Z"
  }
]