[
  {
    "_id": "M101",
    "name": "Introduction to Rocket Propulsion",
    "description": "Basic principles of rocket propulsion and rocket engines.",
    "course": "RS101",
    "lessons": [
      {
        "_id": "L101",
        "name": "History of Rocketry",
        "description": "A brief history of rocketry and space exploration.",
        "module": "M101"
      },
      {
        "_id": "L102",
        "name": "Rocket Propulsion Fundamentals",
        "description": "Basic principles of rocket propulsion.",
        "module": "M101"
      },
      {
        "_id": "L103",
        "name": "Rocket Engine Types",
        "description": "Overview of different types of rocket engines.",
        "module": "M101"
      }
    ]
  },
  {
    "_id": "M102",
    "name": "Fuel and Combustion",
    "description": "Understanding rocket fuel, combustion processes, and efficiency.",
    "course": "RS101",
    "lessons": [
      {
        "_id": "L201",
        "name": "Rocket Fuel",
        "description": "Overview of different types of rocket fuels.",
        "module": "M102"
      },
      {
        "_id": "L202",
        "name": "Combustion Processes",
        "description": "Understanding combustion processes and efficiency.",
        "module": "M102"
      },
      {
        "_id": "L203",
        "name": "Combustion Instability",
        "description": "Understanding combustion instability and mitigation.",
        "module": "M102"
      }
    ]
  },
  {
    "_id": "M103",
    "name": "Nozzle Design",
    "description": "Principles of rocket nozzle design and performance optimization.",
    "course": "RS101",
    "lessons": [
      {
        "_id": "L301",
        "name": "Nozzle Design",
        "description": "Overview of different types of rocket nozzles.",
        "module": "M103"
      },
      {
        "_id": "L302",
        "name": "Nozzle Performance",
        "description": "Understanding nozzle performance and efficiency.",
        "module": "M103"
      },
      {
        "_id": "L303",
        "name": "Nozzle Optimization",
        "description": "Optimizing nozzle design for specific applications.",
        "module": "M103"
      }
    ]
  },
  {
    "_id": "M201",
    "name": "Fundamentals of Aerodynamics",
    "description": "Basic aerodynamic concepts and fluid dynamics principles.",
    "course": "RS102",
    "lessons": [
      {
        "_id": "L401",
        "name": "Basic Aerodynamic Forces",
        "description": "Understanding lift, drag, and thrust in aerodynamics.",
        "module": "M201"
      },
      {
        "_id": "L402",
        "name": "Airflow Around Objects",
        "description": "Study of how airflow behaves around solid objects.",
        "module": "M201"
      },
      {
        "_id": "L403",
        "name": "Fluid Dynamics and Bernoulli's Principle",
        "description": "Application of fluid dynamics principles to aerodynamics.",
        "module": "M201"
      }
    ]
  },
  {
    "_id": "M202",
    "name": "Subsonic and Supersonic Flow",
    "description": "Understanding subsonic and supersonic aerodynamic behaviors.",
    "course": "RS102",
    "lessons": [
      {
        "_id": "L501",
        "name": "Subsonic Flow",
        "description": "Detailed analysis of airflow at speeds below the speed of sound.",
        "module": "M202"
      },
      {
        "_id": "L502",
        "name": "Supersonic Flow",
        "description": "Understanding the unique characteristics of airflow at supersonic speeds.",
        "module": "M202"
      },
      {
        "_id": "L503",
        "name": "Shock Waves and Compressibility Effects",
        "description": "Study of shock waves and compressibility in supersonic flow.",
        "module": "M202"
      }
    ]
  },
  {
    "_id": "M203",
    "name": "Aerodynamic Heating",
    "description": "Study of aerodynamic heating and thermal protection systems.",
    "course": "RS102",
    "lessons": [
      {
        "_id": "L601",
        "name": "Sources of Aerodynamic Heating",
        "description": "Understanding the sources and causes of aerodynamic heating.",
        "module": "M203"
      },
      {
        "_id": "L602",
        "name": "Thermal Protection Materials",
        "description": "Study of materials used in protecting against aerodynamic heating.",
        "module": "M203"
      },
      {
        "_id": "L603",
        "name": "Heat Transfer Mechanisms",
        "description": "Understanding conduction, convection, and radiation in aerodynamic heating.",
        "module": "M203"
      }
    ]
  },
  {
    "_id": "M301",
    "name": "Spacecraft Structural Design",
    "description": "Fundamentals of designing spacecraft structures and materials selection.",
    "course": "RS103",
    "lessons": [
      {
        "_id": "L701",
        "name": "Structural Load Analysis",
        "description": "Understanding how to analyze structural loads on spacecraft.",
        "module": "M301"
      },
      {
        "_id": "L702",
        "name": "Material Selection for Spacecraft",
        "description": "Criteria for selecting materials for spacecraft structures.",
        "module": "M301"
      },
      {
        "_id": "L703",
        "name": "Lightweight Design Strategies",
        "description": "Optimizing spacecraft designs for weight reduction.",
        "module": "M301"
      }
    ]
  },
  {
    "_id": "M302",
    "name": "Orbital Mechanics",
    "description": "Understanding orbital dynamics and mission planning.",
    "course": "RS103",
    "lessons": [
      {
        "_id": "L801",
        "name": "Kepler's Laws",
        "description": "Study of Kepler's laws of planetary motion.",
        "module": "M302"
      },
      {
        "_id": "L802",
        "name": "Orbit Determination",
        "description": "Techniques for determining spacecraft orbits.",
        "module": "M302"
      },
      {
        "_id": "L803",
        "name": "Transfer Orbits",
        "description": "Understanding Hohmann and bi-elliptic transfer orbits.",
        "module": "M302"
      }
    ]
  },
  {
    "_id": "M303",
    "name": "Spacecraft Systems Engineering",
    "description": "Overview of spacecraft systems and subsystems engineering.",
    "course": "RS103",
    "lessons": [
      {
        "_id": "L901",
        "name": "Power Systems",
        "description": "Study of spacecraft power generation and storage systems.",
        "module": "M303"
      },
      {
        "_id": "L902",
        "name": "Thermal Control Systems",
        "description": "Overview of thermal control methods in spacecraft.",
        "module": "M303"
      },
      {
        "_id": "L903",
        "name": "Command and Data Handling Systems",
        "description": "Study of spacecraft command and data handling subsystems.",
        "module": "M303"
      }
    ]
  },
  {
    "_id": "M401",
    "name": "Introduction to Organic Chemistry",
    "description": "Basic principles of organic chemistry, including hydrocarbons and functional groups.",
    "course": "RS104",
    "lessons": [
      {
        "_id": "L1001",
        "name": "Hydrocarbons",
        "description": "Introduction to hydrocarbons, their structure, and classification.",
        "module": "M401"
      },
      {
        "_id": "L1002",
        "name": "Functional Groups",
        "description": "Study of the major functional groups in organic compounds.",
        "module": "M401"
      },
      {
        "_id": "L1003",
        "name": "Nomenclature of Organic Compounds",
        "description": "How to name organic compounds following IUPAC rules.",
        "module": "M401"
      }
    ]
  },
  {
    "_id": "M402",
    "name": "Stereochemistry",
    "description": "Understanding stereoisomers and chirality in organic compounds.",
    "course": "RS104",
    "lessons": [
      {
        "_id": "L1101",
        "name": "Stereoisomers",
        "description": "Introduction to stereoisomerism and types of isomers.",
        "module": "M402"
      },
      {
        "_id": "L1102",
        "name": "Chirality",
        "description": "Understanding chirality and its importance in organic chemistry.",
        "module": "M402"
      },
      {
        "_id": "L1103",
        "name": "Optical Activity",
        "description": "The concept of optical activity in chiral compounds.",
        "module": "M402"
      }
    ]
  },
  {
    "_id": "M403",
    "name": "Organic Synthesis",
    "description": "Techniques and methods for organic compound synthesis.",
    "course": "RS104",
    "lessons": [
      {
        "_id": "L1201",
        "name": "Synthesis of Alcohols",
        "description": "Methods for synthesizing alcohols from alkenes and alkyl halides.",
        "module": "M403"
      },
      {
        "_id": "L1202",
        "name": "Reactions of Carbonyl Compounds",
        "description": "Synthesis strategies using aldehydes and ketones.",
        "module": "M403"
      },
      {
        "_id": "L1203",
        "name": "Retrosynthetic Analysis",
        "description": "Approach to breaking down complex molecules into simpler precursors.",
        "module": "M403"
      }
    ]
  },
  {
    "_id": "M501",
    "name": "Coordination Chemistry",
    "description": "Study of metal complexes and coordination bonds.",
    "course": "RS105",
    "lessons": [
      {
        "_id": "L1301",
        "name": "Ligands and Coordination",
        "description": "Introduction to ligands, coordination numbers, and geometries.",
        "module": "M501"
      },
      {
        "_id": "L1302",
        "name": "Crystal Field Theory",
        "description": "Understanding crystal field theory and its applications in coordination chemistry.",
        "module": "M501"
      },
      {
        "_id": "L1303",
        "name": "Spectrochemical Series",
        "description": "Exploring the spectrochemical series and its relevance.",
        "module": "M501"
      }
    ]
  },
  {
    "_id": "M502",
    "name": "Organometallic Chemistry",
    "description": "Understanding organometallic compounds and their applications.",
    "course": "RS105",
    "lessons": [
      {
        "_id": "L1401",
        "name": "Introduction to Organometallic Compounds",
        "description": "Overview of organometallic compounds and their bonding.",
        "module": "M502"
      },
      {
        "_id": "L1402",
        "name": "Catalysis in Organometallic Chemistry",
        "description": "Study of organometallic catalysts and their industrial applications.",
        "module": "M502"
      },
      {
        "_id": "L1403",
        "name": "Reactions of Organometallic Compounds",
        "description": "Key reactions involving organometallic compounds.",
        "module": "M502"
      }
    ]
  },
  {
    "_id": "M503",
    "name": "Crystal Field Theory",
    "description": "An in-depth exploration of crystal field theory and bonding in transition metal complexes.",
    "course": "RS105",
    "lessons": [
      {
        "_id": "L1501",
        "name": "Octahedral and Tetrahedral Complexes",
        "description": "Geometry and electronic structure of octahedral and tetrahedral complexes.",
        "module": "M503"
      },
      {
        "_id": "L1502",
        "name": "Jahn-Teller Effect",
        "description": "Study of the Jahn-Teller distortion in transition metal complexes.",
        "module": "M503"
      },
      {
        "_id": "L1503",
        "name": "Magnetic Properties of Complexes",
        "description": "Exploring the magnetic properties of metal complexes.",
        "module": "M503"
      }
    ]
  },
  {
    "_id": "M601",
    "name": "Thermodynamics",
    "description": "Principles of thermodynamics and its application in physical chemistry.",
    "course": "RS106",
    "lessons": [
      {
        "_id": "L1601",
        "name": "Laws of Thermodynamics",
        "description": "Understanding the first, second, and third laws of thermodynamics.",
        "module": "M601"
      },
      {
        "_id": "L1602",
        "name": "Enthalpy and Entropy",
        "description": "Concepts of enthalpy and entropy in chemical reactions.",
        "module": "M601"
      },
      {
        "_id": "L1603",
        "name": "Gibbs Free Energy",
        "description": "Application of Gibbs free energy in determining reaction spontaneity.",
        "module": "M601"
      }
    ]
  },
  {
    "_id": "M602",
    "name": "Quantum Mechanics",
    "description": "Study of quantum mechanics as applied to chemical systems.",
    "course": "RS106",
    "lessons": [
      {
        "_id": "L1701",
        "name": "Wave-Particle Duality",
        "description": "Exploring the wave-particle duality of electrons and photons.",
        "module": "M602"
      },
      {
        "_id": "L1702",
        "name": "Schrodinger Equation",
        "description": "Application of the Schrodinger equation in chemical systems.",
        "module": "M602"
      },
      {
        "_id": "L1703",
        "name": "Quantum States and Orbitals",
        "description": "Understanding the quantum states of atoms and molecular orbitals.",
        "module": "M602"
      }
    ]
  },
  {
    "_id": "M603",
    "name": "Chemical Kinetics",
    "description": "Understanding reaction rates and mechanisms in chemical systems.",
    "course": "RS106",
    "lessons": [
      {
        "_id": "L1801",
        "name": "Rate Laws",
        "description": "Study of rate laws and their determination.",
        "module": "M603"
      },
      {
        "_id": "L1802",
        "name": "Activation Energy",
        "description": "Understanding activation energy and the Arrhenius equation.",
        "module": "M603"
      },
      {
        "_id": "L1803",
        "name": "Reaction Mechanisms",
        "description": "Exploring elementary steps and complex reaction mechanisms.",
        "module": "M603"
      }
    ]
  },
  {
    "_id": "M701",
    "name": "Elvish Languages",
    "description": "Study of the Elvish languages, including Sindarin and Quenya.",
    "course": "RS107",
    "lessons": [
      {
        "_id": "L1901",
        "name": "Introduction to Quenya",
        "description": "Basic grammar and vocabulary of Quenya, the High Elvish language.",
        "module": "M701"
      },
      {
        "_id": "L1902",
        "name": "Introduction to Sindarin",
        "description": "Basic grammar and vocabulary of Sindarin, the language of the Grey Elves.",
        "module": "M701"
      },
      {
        "_id": "L1903",
        "name": "Writing in Tengwar",
        "description": "Learning the Tengwar script used to write Elvish languages.",
        "module": "M701"
      }
    ]
  },
  {
    "_id": "M702",
    "name": "Dwarvish Script",
    "description": "Understanding the linguistic structures and scripts of the Dwarvish language.",
    "course": "RS107",
    "lessons": [
      {
        "_id": "L2001",
        "name": "Dwarvish Grammar",
        "description": "Overview of the grammar structure of Khuzdul, the language of the Dwarves.",
        "module": "M702"
      },
      {
        "_id": "L2002",
        "name": "Runes of the Dwarves",
        "description": "Introduction to the Cirth runes used in Dwarvish inscriptions.",
        "module": "M702"
      },
      {
        "_id": "L2003",
        "name": "Cultural Significance of Khuzdul",
        "description": "Understanding the role of Khuzdul in Dwarvish culture and traditions.",
        "module": "M702"
      }
    ]
  },
  {
    "_id": "M703",
    "name": "Black Speech of Mordor",
    "description": "An analysis of the Black Speech of Mordor and its usage in inscriptions.",
    "course": "RS107",
    "lessons": [
      {
        "_id": "L2101",
        "name": "Origins of the Black Speech",
        "description": "History and creation of the Black Speech by Sauron.",
        "module": "M703"
      },
      {
        "_id": "L2102",
        "name": "Grammar and Syntax of the Black Speech",
        "description": "Study of the grammar and syntax structure of the Black Speech.",
        "module": "M703"
      },
      {
        "_id": "L2103",
        "name": "The One Ring Inscription",
        "description": "Detailed analysis of the inscription on the One Ring in the Black Speech.",
        "module": "M703"
      }
    ]
  },
  {
    "_id": "M801",
    "name": "Inter-species Diplomacy",
    "description": "Diplomatic relationships among the races of Middle-earth.",
    "course": "RS108",
    "lessons": [
      {
        "_id": "L2201",
        "name": "Elves and Dwarves",
        "description": "Exploring the complex diplomatic history between the Elves and Dwarves.",
        "module": "M801"
      },
      {
        "_id": "L2202",
        "name": "Men and Elves",
        "description": "Understanding the alliances and conflicts between Men and Elves.",
        "module": "M801"
      },
      {
        "_id": "L2203",
        "name": "Diplomatic Role of Wizards",
        "description": "How Wizards acted as intermediaries in conflicts between species.",
        "module": "M801"
      }
    ]
  },
  {
    "_id": "M802",
    "name": "Council of Elrond Case Study",
    "description": "In-depth case study of the Council of Elrond and its role in Middle-earth's diplomacy.",
    "course": "RS108",
    "lessons": [
      {
        "_id": "L2301",
        "name": "Formation of the Fellowship",
        "description": "How the Council of Elrond facilitated the formation of the Fellowship of the Ring.",
        "module": "M802"
      },
      {
        "_id": "L2302",
        "name": "Key Figures in the Council",
        "description": "The roles of Gandalf, Elrond, and Aragorn during the Council of Elrond.",
        "module": "M802"
      },
      {
        "_id": "L2303",
        "name": "Diplomatic Challenges at the Council",
        "description": "Challenges faced during the Council and how they were overcome.",
        "module": "M802"
      }
    ]
  },
  {
    "_id": "M803",
    "name": "Leadership in Times of War",
    "description": "Examining leadership strategies used during the War of the Ring.",
    "course": "RS108",
    "lessons": [
      {
        "_id": "L2401",
        "name": "Role of Aragorn in the War of the Ring",
        "description": "Aragorn's leadership and strategy during the War of the Ring.",
        "module": "M803"
      },
      {
        "_id": "L2402",
        "name": "The Role of Gandalf",
        "description": "How Gandalf's wisdom shaped the strategic direction of the Free Peoples.",
        "module": "M803"
      },
      {
        "_id": "L2403",
        "name": "Lessons in Diplomacy from the War",
        "description": "Key diplomatic lessons learned from the alliances formed during the war.",
        "module": "M803"
      }
    ]
  },
  {
    "_id": "M901",
    "name": "Sources of Magic",
    "description": "An overview of magical beings and sources of power in Middle-earth.",
    "course": "RS109",
    "lessons": [
      {
        "_id": "L2501",
        "name": "Maiar and the Valar",
        "description": "Understanding the roles of the Maiar and the Valar in Middle-earth's magic.",
        "module": "M901"
      },
      {
        "_id": "L2502",
        "name": "The Power of the Rings",
        "description": "Exploring the magic of the Rings of Power and their creation.",
        "module": "M901"
      },
      {
        "_id": "L2503",
        "name": "Magical Artifacts",
        "description": "A study of magical artifacts such as the Palantíri and Silmarils.",
        "module": "M901"
      }
    ]
  },
  {
    "_id": "M902",
    "name": "The Practice of Magic",
    "description": "How magic is practiced and controlled in Middle-earth.",
    "course": "RS109",
    "lessons": [
      {
        "_id": "L2601",
        "name": "Wizards and Their Powers",
        "description": "The powers and limitations of the Istari (Wizards) in Middle-earth.",
        "module": "M902"
      },
      {
        "_id": "L2602",
        "name": "Elves and Magic",
        "description": "The role of magic in Elvish culture and the use of spells and enchantments.",
        "module": "M902"
      },
      {
        "_id": "L2603",
        "name": "Dark Magic of Sauron",
        "description": "Understanding the dark magic wielded by Sauron and his servants.",
        "module": "M902"
      }
    ]
  },
  {
    "_id": "M903",
    "name": "Philosophy of Magic",
    "description": "The ethical and philosophical dimensions of magic use in Middle-earth.",
    "course": "RS109",
    "lessons": [
      {
        "_id": "L2701",
        "name": "The Ethics of Power",
        "description": "Exploring the ethical dilemmas faced by those with great magical power.",
        "module": "M903"
      },
      {
        "_id": "L2702",
        "name": "The Corrupting Influence of Magic",
        "description": "How the lust for power and magic leads to corruption, as seen with Sauron and Saruman.",
        "module": "M903"
      },
      {
        "_id": "L2703",
        "name": "The Role of Fate and Free Will",
        "description": "How magic interacts with fate and free will in Middle-earth.",
        "module": "M903"
      }
    ]
  },
  {
    "_id": "M1001",
    "name": "Foundations of Democratic Education",
    "description": "Exploring the basic principles of democratic education.",
    "course": "RS110",
    "lessons": [
      {
        "_id": "L2801",
        "name": "Historical Foundations of Democratic Education",
        "description": "The history of democratic education from ancient times to modern day.",
        "module": "M1001"
      },
      {
        "_id": "L2802",
        "name": "Key Thinkers in Democratic Education",
        "description": "An analysis of influential educators and philosophers in democratic education.",
        "module": "M1001"
      },
      {
        "_id": "L2803",
        "name": "Democracy in the Classroom",
        "description": "How democratic principles are applied in classroom settings.",
        "module": "M1001"
      }
    ]
  },
  {
    "_id": "M1002",
    "name": "Democratic School Models",
    "description": "Understanding different democratic school models around the world.",
    "course": "RS110",
    "lessons": [
      {
        "_id": "L2901",
        "name": "The Sudbury Model",
        "description": "Study of the Sudbury model of democratic education.",
        "module": "M1002"
      },
      {
        "_id": "L2902",
        "name": "Montessori and Democratic Education",
        "description": "How Montessori principles align with democratic education.",
        "module": "M1002"
      },
      {
        "_id": "L2903",
        "name": "Public vs. Private Democratic Schools",
        "description": "A comparison of public and private schools that implement democratic education.",
        "module": "M1002"
      }
    ]
  },
  {
    "_id": "M1003",
    "name": "Challenges of Implementing Democratic Education",
    "description": "Examining the challenges faced in implementing democratic education systems.",
    "course": "RS110",
    "lessons": [
      {
        "_id": "L3001",
        "name": "Funding and Resources",
        "description": "How lack of funding and resources impacts democratic education.",
        "module": "M1003"
      },
      {
        "_id": "L3002",
        "name": "Teacher Training and Democratic Education",
        "description": "The need for specialized teacher training in democratic education.",
        "module": "M1003"
      },
      {
        "_id": "L3003",
        "name": "Cultural Barriers to Democratic Education",
        "description": "Exploring cultural resistance to democratic principles in education.",
        "module": "M1003"
      }
    ]
  },
  {
    "_id": "M1101",
    "name": "Historical Context of Liberation Movements",
    "description": "The history and context behind independence and liberation movements.",
    "course": "RS111",
    "lessons": [
      {
        "_id": "L3101",
        "name": "Enlightenment and the Fight for Independence",
        "description": "How Enlightenment ideas inspired independence movements.",
        "module": "M1101"
      },
      {
        "_id": "L3102",
        "name": "The Role of the Church",
        "description": "Examining the role of the Church in various liberation movements.",
        "module": "M1101"
      },
      {
        "_id": "L3103",
        "name": "Slavery and Emancipation",
        "description": "The fight for liberation through the abolition of slavery.",
        "module": "M1101"
      }
    ]
  },
  {
    "_id": "M1102",
    "name": "Philosophical Foundations of Independence",
    "description": "The philosophical underpinnings of liberation movements.",
    "course": "RS111",
    "lessons": [
      {
        "_id": "L3201",
        "name": "Liberalism and Independence",
        "description": "How liberal thought influenced the push for independence.",
        "module": "M1102"
      },
      {
        "_id": "L3202",
        "name": "Republicanism and Nation-Building",
        "description": "The role of republicanism in shaping newly independent nations.",
        "module": "M1102"
      },
      {
        "_id": "L3203",
        "name": "Marxism and Liberation",
        "description": "The influence of Marxist theory on 20th century liberation movements.",
        "module": "M1102"
      }
    ]
  },
  {
    "_id": "M1103",
    "name": "Key Figures in Liberation",
    "description": "Study of prominent figures in liberation and independence movements.",
    "course": "RS111",
    "lessons": [
      {
        "_id": "L3301",
        "name": "Simón Bolívar",
        "description": "The role of Simón Bolívar in Latin American independence.",
        "module": "M1103"
      },
      {
        "_id": "L3302",
        "name": "Gandhi and Nonviolent Resistance",
        "description": "Gandhi’s philosophy of nonviolent resistance in India’s independence movement.",
        "module": "M1103"
      },
      {
        "_id": "L3303",
        "name": "Nelson Mandela and Apartheid",
        "description": "The role of Nelson Mandela in the liberation of South Africa from apartheid.",
        "module": "M1103"
      }
    ]
  },
  {
    "_id": "M1201",
    "name": "Educational Reform in the Early 19th Century",
    "description": "Examining key reforms in early 19th century education.",
    "course": "RS112",
    "lessons": [
      {
        "_id": "L3401",
        "name": "Simon Rodríguez and Educational Reform",
        "description": "The work of Simon Rodríguez and his contributions to modern pedagogy.",
        "module": "M1201"
      },
      {
        "_id": "L3402",
        "name": "Pestalozzi and Child-Centered Education",
        "description": "Exploring Johann Heinrich Pestalozzi's educational philosophies.",
        "module": "M1201"
      },
      {
        "_id": "L3403",
        "name": "Froebel and the Kindergarten Movement",
        "description": "The creation of the kindergarten system and its influence on early education.",
        "module": "M1201"
      }
    ]
  },
  {
    "_id": "M1202",
    "name": "Innovative Teaching Methods",
    "description": "Studying the innovative teaching methods that emerged during the early 19th century.",
    "course": "RS112",
    "lessons": [
      {
        "_id": "L3501",
        "name": "Practical Learning in Early Education",
        "description": "The role of hands-on learning in early educational reforms.",
        "module": "M1202"
      },
      {
        "_id": "L3502",
        "name": "Moral Education and Discipline",
        "description": "How moral education shaped the structure of early 19th century schooling.",
        "module": "M1202"
      },
      {
        "_id": "L3503",
        "name": "Progressive Education Theories",
        "description": "Progressive ideas that influenced early educational practices.",
        "module": "M1202"
      }
    ]
  },
  {
    "_id": "M1203",
    "name": "The Impact of Industrialization on Education",
    "description": "How industrialization shaped early 19th century education.",
    "course": "RS112",
    "lessons": [
      {
        "_id": "L3601",
        "name": "Education and the Industrial Revolution",
        "description": "The relationship between industrialization and the expansion of public education.",
        "module": "M1203"
      },
      {
        "_id": "L3602",
        "name": "Technical and Vocational Education",
        "description": "The rise of technical schools and their importance during industrialization.",
        "module": "M1203"
      },
      {
        "_id": "L3603",
        "name": "Workforce Preparation in Schools",
        "description": "How schools began preparing students for the industrial workforce.",
        "module": "M1203"
      }
    ]
  },
  {
    "_id": "M1301",
    "name": "Foundations of Christian Ethics",
    "description": "An introduction to the foundations of Christian ethics.",
    "course": "RS113",
    "lessons": [
      {
        "_id": "L3701",
        "name": "Virtue Ethics in Christianity",
        "description": "Understanding the role of virtues and moral character in Christian ethics.",
        "module": "M1301"
      },
      {
        "_id": "L3702",
        "name": "Biblical Sources of Christian Ethics",
        "description": "Exploring the ethical teachings of the Bible and their application today.",
        "module": "M1301"
      },
      {
        "_id": "L3703",
        "name": "The Role of Conscience in Christian Ethics",
        "description": "The importance of conscience in moral decision-making according to Christian teachings.",
        "module": "M1301"
      }
    ]
  },
  {
    "_id": "M1302",
    "name": "Contemporary Issues in Christian Ethics",
    "description": "Exploring contemporary moral issues in the light of Christian ethics.",
    "course": "RS113",
    "lessons": [
      {
        "_id": "L3801",
        "name": "Christian Perspectives on Social Justice",
        "description": "Christian approaches to social justice and inequality.",
        "module": "M1302"
      },
      {
        "_id": "L3802",
        "name": "Christian Ethics and Environmental Stewardship",
        "description": "The ethical responsibility of Christians to care for the environment.",
        "module": "M1302"
      },
      {
        "_id": "L3803",
        "name": "Christian Views on War and Peace",
        "description": "How Christian teachings inform debates on war, peace, and nonviolence.",
        "module": "M1302"
      }
    ]
  },
  {
    "_id": "M1303",
    "name": "Ethical Decision-Making in Christian Life",
    "description": "How Christians approach moral decision-making in everyday life.",
    "course": "RS113",
    "lessons": [
      {
        "_id": "L3901",
        "name": "The Role of Prayer in Ethical Decisions",
        "description": "Understanding how prayer and spiritual reflection guide ethical decisions.",
        "module": "M1303"
      },
      {
        "_id": "L3902",
        "name": "Community and Christian Ethics",
        "description": "How community life influences moral and ethical behavior in Christian practice.",
        "module": "M1303"
      },
      {
        "_id": "L3903",
        "name": "Christian Responses to Modern Ethical Dilemmas",
        "description": "How Christians can respond to modern ethical challenges like technology and human rights.",
        "module": "M1303"
      }
    ]
  },
  {
    "_id": "M1401",
    "name": "The Life and Teachings of Jesus",
    "description": "An exploration of the life and teachings of Jesus Christ.",
    "course": "RS114",
    "lessons": [
      {
        "_id": "L4001",
        "name": "Birth and Early Life of Jesus",
        "description": "The circumstances surrounding the birth and early life of Jesus Christ.",
        "module": "M1401"
      },
      {
        "_id": "L4002",
        "name": "The Ministry of Jesus",
        "description": "A study of the public ministry and miracles performed by Jesus.",
        "module": "M1401"
      },
      {
        "_id": "L4003",
        "name": "The Sermon on the Mount",
        "description": "An in-depth exploration of the teachings presented in the Sermon on the Mount.",
        "module": "M1401"
      }
    ]
  },
  {
    "_id": "M1402",
    "name": "The Apostolic Age",
    "description": "The spread of Christianity and the role of the Apostles in the early Church.",
    "course": "RS114",
    "lessons": [
      {
        "_id": "L4101",
        "name": "The Role of the Apostles",
        "description": "How the Apostles spread the teachings of Jesus after His resurrection.",
        "module": "M1402"
      },
      {
        "_id": "L4102",
        "name": "Formation of the Early Church",
        "description": "The development and organization of the early Christian Church.",
        "module": "M1402"
      },
      {
        "_id": "L4103",
        "name": "Persecution and Martyrdom",
        "description": "How the Apostles and early Christians faced persecution and martyrdom for their faith.",
        "module": "M1402"
      }
    ]
  },
  {
    "_id": "M1403",
    "name": "Key Events and Figures of the Apostolic Age",
    "description": "Significant events and figures during the Apostolic Age.",
    "course": "RS114",
    "lessons": [
      {
        "_id": "L4201",
        "name": "The Council of Jerusalem",
        "description": "The significance of the Council of Jerusalem in resolving early Church disputes.",
        "module": "M1403"
      },
      {
        "_id": "L4202",
        "name": "The Conversion of Paul",
        "description": "The dramatic conversion of Paul and his role in spreading Christianity.",
        "module": "M1403"
      },
      {
        "_id": "L4203",
        "name": "The Destruction of the Second Temple",
        "description": "The impact of the destruction of the Second Temple on early Christianity.",
        "module": "M1403"
      }
    ]
  },
  {
    "_id": "M1501",
    "name": "Biblical Leadership Principles",
    "description": "An exploration of leadership principles based on biblical teachings.",
    "course": "RS115",
    "lessons": [
      {
        "_id": "L4301",
        "name": "Servant Leadership",
        "description": "Understanding servant leadership through the example of Jesus Christ.",
        "module": "M1501"
      },
      {
        "_id": "L4302",
        "name": "Leadership Lessons from the Apostles",
        "description": "Leadership principles exemplified by the Apostles in the early Church.",
        "module": "M1501"
      },
      {
        "_id": "L4303",
        "name": "Moses and the Call to Leadership",
        "description": "The leadership qualities demonstrated by Moses in leading the Israelites.",
        "module": "M1501"
      }
    ]
  },
  {
    "_id": "M1502",
    "name": "Pastoral Care and Leadership",
    "description": "The role of pastors and ministers as leaders within the Christian community.",
    "course": "RS115",
    "lessons": [
      {
        "_id": "L4401",
        "name": "The Role of Pastoral Care in Leadership",
        "description": "How pastoral care influences leadership in Christian communities.",
        "module": "M1502"
      },
      {
        "_id": "L4402",
        "name": "Building and Sustaining Christian Communities",
        "description": "Principles for building strong and thriving Christian communities.",
        "module": "M1502"
      },
      {
        "_id": "L4403",
        "name": "Leadership through Crisis",
        "description": "How to lead and provide pastoral care during times of crisis and hardship.",
        "module": "M1502"
      }
    ]
  },
  {
    "_id": "M1503",
    "name": "Ethics of Leadership and Service",
    "description": "Understanding the ethical responsibilities of leadership in Christian communities.",
    "course": "RS115",
    "lessons": [
      {
        "_id": "L4501",
        "name": "Humility and Leadership",
        "description": "How humility is central to effective Christian leadership.",
        "module": "M1503"
      },
      {
        "_id": "L4502",
        "name": "Accountability and Integrity in Leadership",
        "description": "The importance of accountability and maintaining integrity in leadership roles.",
        "module": "M1503"
      },
      {
        "_id": "L4503",
        "name": "Ethical Decision-Making for Christian Leaders",
        "description": "Approaches to making ethical decisions as a Christian leader.",
        "module": "M1503"
      }
    ]
  },
  {
    "_id": "M1601",
    "name": "Introduction to Sufi Philosophy",
    "description": "An overview of key concepts in Sufi philosophy and teachings.",
    "course": "RS116",
    "lessons": [
      {
        "_id": "L4601",
        "name": "The Concept of Divine Love",
        "description": "The central role of divine love in Sufi philosophy.",
        "module": "M1601"
      },
      {
        "_id": "L4602",
        "name": "Unity of Being (Wahdat al-Wujud)",
        "description": "Understanding the philosophical concept of the unity of being in Sufism.",
        "module": "M1601"
      },
      {
        "_id": "L4603",
        "name": "The Role of the Sufi Master",
        "description": "The relationship between the Sufi master (shaykh) and disciple.",
        "module": "M1601"
      }
    ]
  },
  {
    "_id": "M1602",
    "name": "Sufi Practices and Rituals",
    "description": "Exploring the practices and rituals central to Sufi spirituality.",
    "course": "RS116",
    "lessons": [
      {
        "_id": "L4701",
        "name": "Dhikr (Remembrance of God)",
        "description": "The importance of dhikr in the Sufi path to God.",
        "module": "M1602"
      },
      {
        "_id": "L4702",
        "name": "Sufi Poetry and Music",
        "description": "The use of poetry and music in Sufi worship and expression of faith.",
        "module": "M1602"
      },
      {
        "_id": "L4703",
        "name": "The Whirling Dervishes",
        "description": "Understanding the significance of the Sufi whirling ritual.",
        "module": "M1602"
      }
    ]
  },
  {
    "_id": "M1603",
    "name": "Key Figures in Sufi Philosophy",
    "description": "An examination of prominent figures in Sufi history and thought.",
    "course": "RS116",
    "lessons": [
      {
        "_id": "L4801",
        "name": "Ibn Arabi",
        "description": "The life and teachings of Ibn Arabi, a key figure in Sufi thought.",
        "module": "M1603"
      },
      {
        "_id": "L4802",
        "name": "Rumi: Poet and Mystic",
        "description": "Exploring the mystical poetry and philosophy of Jalaluddin Rumi.",
        "module": "M1603"
      },
      {
        "_id": "L4803",
        "name": "Al-Ghazali and Sufi Ethics",
        "description": "The contributions of Al-Ghazali to Sufi philosophy and Islamic ethics.",
        "module": "M1603"
      }
    ]
  },
  {
    "_id": "M1701",
    "name": "Islamic Ethics and Moral Philosophy",
    "description": "The foundations of ethical thought in Islam.",
    "course": "RS117",
    "lessons": [
      {
        "_id": "L4901",
        "name": "The Role of Intention (Niyyah)",
        "description": "Understanding the importance of intention in ethical actions.",
        "module": "M1701"
      },
      {
        "_id": "L4902",
        "name": "Virtue and Vice in Islamic Teachings",
        "description": "The virtues to be cultivated and the vices to be avoided in Islam.",
        "module": "M1701"
      },
      {
        "_id": "L4903",
        "name": "The Ethics of Justice and Compassion",
        "description": "Exploring how justice and compassion are central to Islamic ethical thought.",
        "module": "M1701"
      }
    ]
  },
  {
    "_id": "M1702",
    "name": "Ethical Wisdom in the Quran and Hadith",
    "description": "A study of the ethical teachings found in the Quran and Hadith.",
    "course": "RS117",
    "lessons": [
      {
        "_id": "L5001",
        "name": "Moral Lessons from the Quran",
        "description": "Examining key moral and ethical teachings in the Quran.",
        "module": "M1702"
      },
      {
        "_id": "L5002",
        "name": "The Prophet Muhammad's Ethical Example",
        "description": "The Prophet Muhammad's life as a model of ethical behavior.",
        "module": "M1702"
      },
      {
        "_id": "L5003",
        "name": "Hadith on Interpersonal Ethics",
        "description": "Examining Hadith that offer guidance on interpersonal relationships and ethics.",
        "module": "M1702"
      }
    ]
  },
  {
    "_id": "M1703",
    "name": "Contemporary Ethical Issues in Islam",
    "description": "Addressing modern ethical dilemmas through Islamic teachings.",
    "course": "RS117",
    "lessons": [
      {
        "_id": "L5101",
        "name": "Islamic Perspectives on Bioethics",
        "description": "Examining Islamic views on bioethical issues like organ donation and euthanasia.",
        "module": "M1703"
      },
      {
        "_id": "L5102",
        "name": "Ethical Dilemmas in Modern Technology",
        "description": "How Islamic ethics apply to issues arising from modern technology.",
        "module": "M1703"
      },
      {
        "_id": "L5103",
        "name": "Islam and Environmental Stewardship",
        "description": "Exploring the ethical obligation of Muslims to protect and preserve the environment.",
        "module": "M1703"
      }
    ]
  },
  {
    "_id": "M1801",
    "name": "Islamic Esotericism and Mysticism",
    "description": "Understanding the esoteric teachings of Islam.",
    "course": "RS118",
    "lessons": [
      {
        "_id": "L5201",
        "name": "The Concept of the Unseen (Ghayb)",
        "description": "Exploring the Islamic concept of the unseen and its implications.",
        "module": "M1801"
      },
      {
        "_id": "L5202",
        "name": "The Spiritual Journey in Islamic Esotericism",
        "description": "Understanding the stages of the spiritual journey according to Islamic mysticism.",
        "module": "M1801"
      },
      {
        "_id": "L5203",
        "name": "The Role of Angels and Jinn",
        "description": "The place of angels and jinn in Islamic esotericism.",
        "module": "M1801"
      }
    ]
  },
  {
    "_id": "M1802",
    "name": "Symbolism in Islamic Mysticism",
    "description": "Understanding the symbolic language used in Islamic mysticism.",
    "course": "RS118",
    "lessons": [
      {
        "_id": "L5301",
        "name": "The Symbolism of Light in the Quran",
        "description": "Exploring the esoteric meaning of light as described in the Quran.",
        "module": "M1802"
      },
      {
        "_id": "L5302",
        "name": "Mystical Interpretation of Quranic Stories",
        "description": "Analyzing the mystical meanings behind stories in the Quran.",
        "module": "M1802"
      },
      {
        "_id": "L5303",
        "name": "The Tree and the Circle in Islamic Esotericism",
        "description": "Understanding the symbolic use of the tree and the circle in Sufi teachings.",
        "module": "M1802"
      }
    ]
  },
  {
    "_id": "M1803",
    "name": "Islamic Esoteric Practices",
    "description": "An overview of the practices involved in Islamic mysticism.",
    "course": "RS118",
    "lessons": [
      {
        "_id": "L5401",
        "name": "Contemplative Prayer and Meditation",
        "description": "Exploring the role of contemplative prayer and meditation in Islamic mysticism.",
        "module": "M1803"
      },
      {
        "_id": "L5402",
        "name": "Asceticism in Islamic Mysticism",
        "description": "The practice of asceticism and its significance in Islamic mysticism.",
        "module": "M1803"
      },
      {
        "_id": "L5403",
        "name": "The Use of Amulets and Talismans",
        "description": "Understanding the esoteric use of amulets and talismans in Islamic traditions.",
        "module": "M1803"
      }
    ]
  },
  {
    "_id": "M1901",
    "name": "Environmental Practices in Ancient China",
    "description": "A study of the environmental practices used in ancient Chinese civilizations.",
    "course": "RS119",
    "lessons": [
      {
        "_id": "L5501",
        "name": "Agricultural Techniques and Sustainability",
        "description": "Exploring ancient Chinese agricultural techniques that promoted sustainability.",
        "module": "M1901"
      },
      {
        "_id": "L5502",
        "name": "Flood Control and Water Management",
        "description": "How ancient Chinese methods of flood control contributed to environmental management.",
        "module": "M1901"
      },
      {
        "_id": "L5503",
        "name": "Soil Conservation and Terrace Farming",
        "description": "The role of terrace farming and soil conservation in ancient Chinese agriculture.",
        "module": "M1901"
      }
    ]
  },
  {
    "_id": "M1902",
    "name": "Philosophy and Environmental Stewardship",
    "description": "The philosophical underpinnings of environmental stewardship in ancient China.",
    "course": "RS119",
    "lessons": [
      {
        "_id": "L5601",
        "name": "Confucianism and Environmental Ethics",
        "description": "Exploring Confucian principles and their influence on environmental management.",
        "module": "M1902"
      },
      {
        "_id": "L5602",
        "name": "Taoism and Living in Harmony with Nature",
        "description": "How Taoist philosophy influenced ancient Chinese environmental practices.",
        "module": "M1902"
      },
      {
        "_id": "L5603",
        "name": "Legalism and State-Led Environmental Policies",
        "description": "The role of Legalism in shaping state-driven environmental policies in ancient China.",
        "module": "M1902"
      }
    ]
  },
  {
    "_id": "M1903",
    "name": "Water Management and Infrastructure",
    "description": "The development of water management systems and infrastructure in ancient China.",
    "course": "RS119",
    "lessons": [
      {
        "_id": "L5701",
        "name": "Yu the Great's Flood Control Projects",
        "description": "An analysis of Yu the Great's legendary flood control efforts.",
        "module": "M1903"
      },
      {
        "_id": "L5702",
        "name": "Irrigation Systems and Canals",
        "description": "How ancient Chinese irrigation systems and canals supported agriculture and environmental stability.",
        "module": "M1903"
      },
      {
        "_id": "L5703",
        "name": "The Role of Rivers in Environmental Management",
        "description": "The importance of rivers such as the Yellow River in ancient Chinese environmental practices.",
        "module": "M1903"
      }
    ]
  },
  {
    "_id": "M2001",
    "name": "Leadership Lessons from Yu the Great",
    "description": "The leadership qualities exemplified by Yu the Great in ancient Chinese mythology.",
    "course": "RS120",
    "lessons": [
      {
        "_id": "L5801",
        "name": "Perseverance and Vision",
        "description": "How Yu the Great's perseverance and vision helped him overcome challenges in flood control.",
        "module": "M2001"
      },
      {
        "_id": "L5802",
        "name": "Ethical Leadership",
        "description": "Exploring the ethical qualities of leadership as demonstrated by Yu the Great.",
        "module": "M2001"
      },
      {
        "_id": "L5803",
        "name": "Collective Responsibility and Community",
        "description": "How Yu the Great fostered a sense of collective responsibility and community involvement in his leadership.",
        "module": "M2001"
      }
    ]
  },
  {
    "_id": "M2002",
    "name": "Leadership in Mythological Figures",
    "description": "An exploration of leadership qualities in other notable figures from Chinese mythology.",
    "course": "RS120",
    "lessons": [
      {
        "_id": "L5901",
        "name": "The Strategic Leadership of the Yellow Emperor",
        "description": "Studying the leadership and strategic thinking of the Yellow Emperor.",
        "module": "M2002"
      },
      {
        "_id": "L5902",
        "name": "The Wisdom of Fuxi",
        "description": "Examining the leadership and wisdom of Fuxi in shaping ancient Chinese civilization.",
        "module": "M2002"
      },
      {
        "_id": "L5903",
        "name": "Leadership Qualities in the Empress Leizu",
        "description": "Exploring the contributions and leadership of Empress Leizu, credited with the discovery of silk production.",
        "module": "M2002"
      }
    ]
  },
  {
    "_id": "M2003",
    "name": "Mythological Leadership and Modern Lessons",
    "description": "Applying leadership lessons from Chinese mythology to modern contexts.",
    "course": "RS120",
    "lessons": [
      {
        "_id": "L6001",
        "name": "The Legacy of Yu the Great",
        "description": "Understanding the lasting impact of Yu the Great’s leadership on Chinese culture and governance.",
        "module": "M2003"
      },
      {
        "_id": "L6002",
        "name": "Mythological Lessons for Modern Leadership",
        "description": "How modern leaders can apply the lessons of perseverance and ethical decision-making from Chinese mythology.",
        "module": "M2003"
      },
      {
        "_id": "L6003",
        "name": "Collective Leadership in Mythology and Today",
        "description": "Exploring the concept of collective leadership as seen in mythology and its relevance to modern leadership models.",
        "module": "M2003"
      }
    ]
  },
  {
    "_id": "M2101",
    "name": "Ancient Hydraulic Engineering Systems",
    "description": "An introduction to the hydraulic engineering systems developed by ancient civilizations.",
    "course": "RS121",
    "lessons": [
      {
        "_id": "L6101",
        "name": "Principles of Ancient Hydraulic Engineering",
        "description": "Exploring the core principles behind ancient hydraulic systems.",
        "module": "M2101"
      },
      {
        "_id": "L6102",
        "name": "Early Irrigation Systems",
        "description": "Studying the development and importance of early irrigation systems in Mesopotamia and China.",
        "module": "M2101"
      },
      {
        "_id": "L6103",
        "name": "Hydraulic Power in Ancient Civilizations",
        "description": "How ancient civilizations harnessed hydraulic power for agriculture and construction.",
        "module": "M2101"
      }
    ]
  },
  {
    "_id": "M2102",
    "name": "Yu the Great’s Engineering Feats",
    "description": "An in-depth study of the engineering achievements of Yu the Great.",
    "course": "RS121",
    "lessons": [
      {
        "_id": "L6201",
        "name": "Flood Control and Yu the Great",
        "description": "A detailed study of how Yu the Great controlled the devastating floods of the Yellow River.",
        "module": "M2102"
      },
      {
        "_id": "L6202",
        "name": "Innovations in Dike and Dam Construction",
        "description": "How Yu the Great introduced innovative techniques for building dikes and dams.",
        "module": "M2102"
      },
      {
        "_id": "L6203",
        "name": "Irrigation Canals and Water Diversion",
        "description": "Understanding the importance of irrigation canals and water diversion systems pioneered by Yu the Great.",
        "module": "M2102"
      }
    ]
  },
  {
    "_id": "M2103",
    "name": "Comparative Hydraulic Engineering",
    "description": "A comparative study of hydraulic engineering across ancient civilizations.",
    "course": "RS121",
    "lessons": [
      {
        "_id": "L6301",
        "name": "Hydraulic Engineering in Mesopotamia",
        "description": "Exploring the hydraulic engineering projects of ancient Mesopotamia, including canals and levees.",
        "module": "M2103"
      },
      {
        "_id": "L6302",
        "name": "Egyptian Irrigation Systems",
        "description": "A study of the hydraulic innovations used along the Nile River to sustain Egyptian agriculture.",
        "module": "M2103"
      },
      {
        "_id": "L6303",
        "name": "Harappan Civilization and Water Management",
        "description": "How the Harappan civilization developed advanced water management and drainage systems.",
        "module": "M2103"
      }
    ]
  }
]